L1,"<-read.tree(""RAxML_",L1,".tre"")",,L1,_NoOG<-drop.tip(,L1,",Outgroup_taxa)",,Small_,L1,<-keep.tip(,L1,",Small_Group)"
L2,"<-read.tree(""RAxML_",L2,".tre"")",,L2,_NoOG<-drop.tip(,L2,",Outgroup_taxa)",,Small_,L2,<-keep.tip(,L2,",Small_Group)"
L4,"<-read.tree(""RAxML_",L4,".tre"")",,L4,_NoOG<-drop.tip(,L4,",Outgroup_taxa)",,Small_,L4,<-keep.tip(,L4,",Small_Group)"
L5,"<-read.tree(""RAxML_",L5,".tre"")",,L5,_NoOG<-drop.tip(,L5,",Outgroup_taxa)",,Small_,L5,<-keep.tip(,L5,",Small_Group)"
L6,"<-read.tree(""RAxML_",L6,".tre"")",,L6,_NoOG<-drop.tip(,L6,",Outgroup_taxa)",,Small_,L6,<-keep.tip(,L6,",Small_Group)"
L7,"<-read.tree(""RAxML_",L7,".tre"")",,L7,_NoOG<-drop.tip(,L7,",Outgroup_taxa)",,Small_,L7,<-keep.tip(,L7,",Small_Group)"
L8,"<-read.tree(""RAxML_",L8,".tre"")",,L8,_NoOG<-drop.tip(,L8,",Outgroup_taxa)",,Small_,L8,<-keep.tip(,L8,",Small_Group)"
L9,"<-read.tree(""RAxML_",L9,".tre"")",,L9,_NoOG<-drop.tip(,L9,",Outgroup_taxa)",,Small_,L9,<-keep.tip(,L9,",Small_Group)"
L10,"<-read.tree(""RAxML_",L10,".tre"")",,L10,_NoOG<-drop.tip(,L10,",Outgroup_taxa)",,Small_,L10,<-keep.tip(,L10,",Small_Group)"
L11,"<-read.tree(""RAxML_",L11,".tre"")",,L11,_NoOG<-drop.tip(,L11,",Outgroup_taxa)",,Small_,L11,<-keep.tip(,L11,",Small_Group)"
L12,"<-read.tree(""RAxML_",L12,".tre"")",,L12,_NoOG<-drop.tip(,L12,",Outgroup_taxa)",,Small_,L12,<-keep.tip(,L12,",Small_Group)"
L13,"<-read.tree(""RAxML_",L13,".tre"")",,L13,_NoOG<-drop.tip(,L13,",Outgroup_taxa)",,Small_,L13,<-keep.tip(,L13,",Small_Group)"
L14,"<-read.tree(""RAxML_",L14,".tre"")",,L14,_NoOG<-drop.tip(,L14,",Outgroup_taxa)",,Small_,L14,<-keep.tip(,L14,",Small_Group)"
L15,"<-read.tree(""RAxML_",L15,".tre"")",,L15,_NoOG<-drop.tip(,L15,",Outgroup_taxa)",,Small_,L15,<-keep.tip(,L15,",Small_Group)"
L16,"<-read.tree(""RAxML_",L16,".tre"")",,L16,_NoOG<-drop.tip(,L16,",Outgroup_taxa)",,Small_,L16,<-keep.tip(,L16,",Small_Group)"
L17,"<-read.tree(""RAxML_",L17,".tre"")",,L17,_NoOG<-drop.tip(,L17,",Outgroup_taxa)",,Small_,L17,<-keep.tip(,L17,",Small_Group)"
L18,"<-read.tree(""RAxML_",L18,".tre"")",,L18,_NoOG<-drop.tip(,L18,",Outgroup_taxa)",,Small_,L18,<-keep.tip(,L18,",Small_Group)"
L19,"<-read.tree(""RAxML_",L19,".tre"")",,L19,_NoOG<-drop.tip(,L19,",Outgroup_taxa)",,Small_,L19,<-keep.tip(,L19,",Small_Group)"
L20,"<-read.tree(""RAxML_",L20,".tre"")",,L20,_NoOG<-drop.tip(,L20,",Outgroup_taxa)",,Small_,L20,<-keep.tip(,L20,",Small_Group)"
L21,"<-read.tree(""RAxML_",L21,".tre"")",,L21,_NoOG<-drop.tip(,L21,",Outgroup_taxa)",,Small_,L21,<-keep.tip(,L21,",Small_Group)"
L22,"<-read.tree(""RAxML_",L22,".tre"")",,L22,_NoOG<-drop.tip(,L22,",Outgroup_taxa)",,Small_,L22,<-keep.tip(,L22,",Small_Group)"
L23,"<-read.tree(""RAxML_",L23,".tre"")",,L23,_NoOG<-drop.tip(,L23,",Outgroup_taxa)",,Small_,L23,<-keep.tip(,L23,",Small_Group)"
L24,"<-read.tree(""RAxML_",L24,".tre"")",,L24,_NoOG<-drop.tip(,L24,",Outgroup_taxa)",,Small_,L24,<-keep.tip(,L24,",Small_Group)"
L25,"<-read.tree(""RAxML_",L25,".tre"")",,L25,_NoOG<-drop.tip(,L25,",Outgroup_taxa)",,Small_,L25,<-keep.tip(,L25,",Small_Group)"
L26,"<-read.tree(""RAxML_",L26,".tre"")",,L26,_NoOG<-drop.tip(,L26,",Outgroup_taxa)",,Small_,L26,<-keep.tip(,L26,",Small_Group)"
L27,"<-read.tree(""RAxML_",L27,".tre"")",,L27,_NoOG<-drop.tip(,L27,",Outgroup_taxa)",,Small_,L27,<-keep.tip(,L27,",Small_Group)"
L28,"<-read.tree(""RAxML_",L28,".tre"")",,L28,_NoOG<-drop.tip(,L28,",Outgroup_taxa)",,Small_,L28,<-keep.tip(,L28,",Small_Group)"
L29,"<-read.tree(""RAxML_",L29,".tre"")",,L29,_NoOG<-drop.tip(,L29,",Outgroup_taxa)",,Small_,L29,<-keep.tip(,L29,",Small_Group)"
L30,"<-read.tree(""RAxML_",L30,".tre"")",,L30,_NoOG<-drop.tip(,L30,",Outgroup_taxa)",,Small_,L30,<-keep.tip(,L30,",Small_Group)"
L31,"<-read.tree(""RAxML_",L31,".tre"")",,L31,_NoOG<-drop.tip(,L31,",Outgroup_taxa)",,Small_,L31,<-keep.tip(,L31,",Small_Group)"
L32,"<-read.tree(""RAxML_",L32,".tre"")",,L32,_NoOG<-drop.tip(,L32,",Outgroup_taxa)",,Small_,L32,<-keep.tip(,L32,",Small_Group)"
L33,"<-read.tree(""RAxML_",L33,".tre"")",,L33,_NoOG<-drop.tip(,L33,",Outgroup_taxa)",,Small_,L33,<-keep.tip(,L33,",Small_Group)"
L34,"<-read.tree(""RAxML_",L34,".tre"")",,L34,_NoOG<-drop.tip(,L34,",Outgroup_taxa)",,Small_,L34,<-keep.tip(,L34,",Small_Group)"
L35,"<-read.tree(""RAxML_",L35,".tre"")",,L35,_NoOG<-drop.tip(,L35,",Outgroup_taxa)",,Small_,L35,<-keep.tip(,L35,",Small_Group)"
L36,"<-read.tree(""RAxML_",L36,".tre"")",,L36,_NoOG<-drop.tip(,L36,",Outgroup_taxa)",,Small_,L36,<-keep.tip(,L36,",Small_Group)"
L37,"<-read.tree(""RAxML_",L37,".tre"")",,L37,_NoOG<-drop.tip(,L37,",Outgroup_taxa)",,Small_,L37,<-keep.tip(,L37,",Small_Group)"
L38,"<-read.tree(""RAxML_",L38,".tre"")",,L38,_NoOG<-drop.tip(,L38,",Outgroup_taxa)",,Small_,L38,<-keep.tip(,L38,",Small_Group)"
L39,"<-read.tree(""RAxML_",L39,".tre"")",,L39,_NoOG<-drop.tip(,L39,",Outgroup_taxa)",,Small_,L39,<-keep.tip(,L39,",Small_Group)"
L40,"<-read.tree(""RAxML_",L40,".tre"")",,L40,_NoOG<-drop.tip(,L40,",Outgroup_taxa)",,Small_,L40,<-keep.tip(,L40,",Small_Group)"
L41,"<-read.tree(""RAxML_",L41,".tre"")",,L41,_NoOG<-drop.tip(,L41,",Outgroup_taxa)",,Small_,L41,<-keep.tip(,L41,",Small_Group)"
L42,"<-read.tree(""RAxML_",L42,".tre"")",,L42,_NoOG<-drop.tip(,L42,",Outgroup_taxa)",,Small_,L42,<-keep.tip(,L42,",Small_Group)"
L43,"<-read.tree(""RAxML_",L43,".tre"")",,L43,_NoOG<-drop.tip(,L43,",Outgroup_taxa)",,Small_,L43,<-keep.tip(,L43,",Small_Group)"
L44,"<-read.tree(""RAxML_",L44,".tre"")",,L44,_NoOG<-drop.tip(,L44,",Outgroup_taxa)",,Small_,L44,<-keep.tip(,L44,",Small_Group)"
L45,"<-read.tree(""RAxML_",L45,".tre"")",,L45,_NoOG<-drop.tip(,L45,",Outgroup_taxa)",,Small_,L45,<-keep.tip(,L45,",Small_Group)"
L46,"<-read.tree(""RAxML_",L46,".tre"")",,L46,_NoOG<-drop.tip(,L46,",Outgroup_taxa)",,Small_,L46,<-keep.tip(,L46,",Small_Group)"
L47,"<-read.tree(""RAxML_",L47,".tre"")",,L47,_NoOG<-drop.tip(,L47,",Outgroup_taxa)",,Small_,L47,<-keep.tip(,L47,",Small_Group)"
L48,"<-read.tree(""RAxML_",L48,".tre"")",,L48,_NoOG<-drop.tip(,L48,",Outgroup_taxa)",,Small_,L48,<-keep.tip(,L48,",Small_Group)"
L49,"<-read.tree(""RAxML_",L49,".tre"")",,L49,_NoOG<-drop.tip(,L49,",Outgroup_taxa)",,Small_,L49,<-keep.tip(,L49,",Small_Group)"
L50,"<-read.tree(""RAxML_",L50,".tre"")",,L50,_NoOG<-drop.tip(,L50,",Outgroup_taxa)",,Small_,L50,<-keep.tip(,L50,",Small_Group)"
L51,"<-read.tree(""RAxML_",L51,".tre"")",,L51,_NoOG<-drop.tip(,L51,",Outgroup_taxa)",,Small_,L51,<-keep.tip(,L51,",Small_Group)"
L52,"<-read.tree(""RAxML_",L52,".tre"")",,L52,_NoOG<-drop.tip(,L52,",Outgroup_taxa)",,Small_,L52,<-keep.tip(,L52,",Small_Group)"
L53,"<-read.tree(""RAxML_",L53,".tre"")",,L53,_NoOG<-drop.tip(,L53,",Outgroup_taxa)",,Small_,L53,<-keep.tip(,L53,",Small_Group)"
L54,"<-read.tree(""RAxML_",L54,".tre"")",,L54,_NoOG<-drop.tip(,L54,",Outgroup_taxa)",,Small_,L54,<-keep.tip(,L54,",Small_Group)"
L55,"<-read.tree(""RAxML_",L55,".tre"")",,L55,_NoOG<-drop.tip(,L55,",Outgroup_taxa)",,Small_,L55,<-keep.tip(,L55,",Small_Group)"
L56,"<-read.tree(""RAxML_",L56,".tre"")",,L56,_NoOG<-drop.tip(,L56,",Outgroup_taxa)",,Small_,L56,<-keep.tip(,L56,",Small_Group)"
L57,"<-read.tree(""RAxML_",L57,".tre"")",,L57,_NoOG<-drop.tip(,L57,",Outgroup_taxa)",,Small_,L57,<-keep.tip(,L57,",Small_Group)"
L58,"<-read.tree(""RAxML_",L58,".tre"")",,L58,_NoOG<-drop.tip(,L58,",Outgroup_taxa)",,Small_,L58,<-keep.tip(,L58,",Small_Group)"
L60,"<-read.tree(""RAxML_",L60,".tre"")",,L60,_NoOG<-drop.tip(,L60,",Outgroup_taxa)",,Small_,L60,<-keep.tip(,L60,",Small_Group)"
L61,"<-read.tree(""RAxML_",L61,".tre"")",,L61,_NoOG<-drop.tip(,L61,",Outgroup_taxa)",,Small_,L61,<-keep.tip(,L61,",Small_Group)"
L62,"<-read.tree(""RAxML_",L62,".tre"")",,L62,_NoOG<-drop.tip(,L62,",Outgroup_taxa)",,Small_,L62,<-keep.tip(,L62,",Small_Group)"
L63,"<-read.tree(""RAxML_",L63,".tre"")",,L63,_NoOG<-drop.tip(,L63,",Outgroup_taxa)",,Small_,L63,<-keep.tip(,L63,",Small_Group)"
L64,"<-read.tree(""RAxML_",L64,".tre"")",,L64,_NoOG<-drop.tip(,L64,",Outgroup_taxa)",,Small_,L64,<-keep.tip(,L64,",Small_Group)"
L65,"<-read.tree(""RAxML_",L65,".tre"")",,L65,_NoOG<-drop.tip(,L65,",Outgroup_taxa)",,Small_,L65,<-keep.tip(,L65,",Small_Group)"
L66,"<-read.tree(""RAxML_",L66,".tre"")",,L66,_NoOG<-drop.tip(,L66,",Outgroup_taxa)",,Small_,L66,<-keep.tip(,L66,",Small_Group)"
L67,"<-read.tree(""RAxML_",L67,".tre"")",,L67,_NoOG<-drop.tip(,L67,",Outgroup_taxa)",,Small_,L67,<-keep.tip(,L67,",Small_Group)"
L68,"<-read.tree(""RAxML_",L68,".tre"")",,L68,_NoOG<-drop.tip(,L68,",Outgroup_taxa)",,Small_,L68,<-keep.tip(,L68,",Small_Group)"
L69,"<-read.tree(""RAxML_",L69,".tre"")",,L69,_NoOG<-drop.tip(,L69,",Outgroup_taxa)",,Small_,L69,<-keep.tip(,L69,",Small_Group)"
L70,"<-read.tree(""RAxML_",L70,".tre"")",,L70,_NoOG<-drop.tip(,L70,",Outgroup_taxa)",,Small_,L70,<-keep.tip(,L70,",Small_Group)"
L71,"<-read.tree(""RAxML_",L71,".tre"")",,L71,_NoOG<-drop.tip(,L71,",Outgroup_taxa)",,Small_,L71,<-keep.tip(,L71,",Small_Group)"
L73,"<-read.tree(""RAxML_",L73,".tre"")",,L73,_NoOG<-drop.tip(,L73,",Outgroup_taxa)",,Small_,L73,<-keep.tip(,L73,",Small_Group)"
L74,"<-read.tree(""RAxML_",L74,".tre"")",,L74,_NoOG<-drop.tip(,L74,",Outgroup_taxa)",,Small_,L74,<-keep.tip(,L74,",Small_Group)"
L75,"<-read.tree(""RAxML_",L75,".tre"")",,L75,_NoOG<-drop.tip(,L75,",Outgroup_taxa)",,Small_,L75,<-keep.tip(,L75,",Small_Group)"
L76,"<-read.tree(""RAxML_",L76,".tre"")",,L76,_NoOG<-drop.tip(,L76,",Outgroup_taxa)",,Small_,L76,<-keep.tip(,L76,",Small_Group)"
L77,"<-read.tree(""RAxML_",L77,".tre"")",,L77,_NoOG<-drop.tip(,L77,",Outgroup_taxa)",,Small_,L77,<-keep.tip(,L77,",Small_Group)"
L78,"<-read.tree(""RAxML_",L78,".tre"")",,L78,_NoOG<-drop.tip(,L78,",Outgroup_taxa)",,Small_,L78,<-keep.tip(,L78,",Small_Group)"
L79,"<-read.tree(""RAxML_",L79,".tre"")",,L79,_NoOG<-drop.tip(,L79,",Outgroup_taxa)",,Small_,L79,<-keep.tip(,L79,",Small_Group)"
L80,"<-read.tree(""RAxML_",L80,".tre"")",,L80,_NoOG<-drop.tip(,L80,",Outgroup_taxa)",,Small_,L80,<-keep.tip(,L80,",Small_Group)"
L82,"<-read.tree(""RAxML_",L82,".tre"")",,L82,_NoOG<-drop.tip(,L82,",Outgroup_taxa)",,Small_,L82,<-keep.tip(,L82,",Small_Group)"
L83,"<-read.tree(""RAxML_",L83,".tre"")",,L83,_NoOG<-drop.tip(,L83,",Outgroup_taxa)",,Small_,L83,<-keep.tip(,L83,",Small_Group)"
L85,"<-read.tree(""RAxML_",L85,".tre"")",,L85,_NoOG<-drop.tip(,L85,",Outgroup_taxa)",,Small_,L85,<-keep.tip(,L85,",Small_Group)"
L86,"<-read.tree(""RAxML_",L86,".tre"")",,L86,_NoOG<-drop.tip(,L86,",Outgroup_taxa)",,Small_,L86,<-keep.tip(,L86,",Small_Group)"
L87,"<-read.tree(""RAxML_",L87,".tre"")",,L87,_NoOG<-drop.tip(,L87,",Outgroup_taxa)",,Small_,L87,<-keep.tip(,L87,",Small_Group)"
L88,"<-read.tree(""RAxML_",L88,".tre"")",,L88,_NoOG<-drop.tip(,L88,",Outgroup_taxa)",,Small_,L88,<-keep.tip(,L88,",Small_Group)"
L89,"<-read.tree(""RAxML_",L89,".tre"")",,L89,_NoOG<-drop.tip(,L89,",Outgroup_taxa)",,Small_,L89,<-keep.tip(,L89,",Small_Group)"
L90,"<-read.tree(""RAxML_",L90,".tre"")",,L90,_NoOG<-drop.tip(,L90,",Outgroup_taxa)",,Small_,L90,<-keep.tip(,L90,",Small_Group)"
L91,"<-read.tree(""RAxML_",L91,".tre"")",,L91,_NoOG<-drop.tip(,L91,",Outgroup_taxa)",,Small_,L91,<-keep.tip(,L91,",Small_Group)"
L92,"<-read.tree(""RAxML_",L92,".tre"")",,L92,_NoOG<-drop.tip(,L92,",Outgroup_taxa)",,Small_,L92,<-keep.tip(,L92,",Small_Group)"
L93,"<-read.tree(""RAxML_",L93,".tre"")",,L93,_NoOG<-drop.tip(,L93,",Outgroup_taxa)",,Small_,L93,<-keep.tip(,L93,",Small_Group)"
L94,"<-read.tree(""RAxML_",L94,".tre"")",,L94,_NoOG<-drop.tip(,L94,",Outgroup_taxa)",,Small_,L94,<-keep.tip(,L94,",Small_Group)"
L95,"<-read.tree(""RAxML_",L95,".tre"")",,L95,_NoOG<-drop.tip(,L95,",Outgroup_taxa)",,Small_,L95,<-keep.tip(,L95,",Small_Group)"
L96,"<-read.tree(""RAxML_",L96,".tre"")",,L96,_NoOG<-drop.tip(,L96,",Outgroup_taxa)",,Small_,L96,<-keep.tip(,L96,",Small_Group)"
L98,"<-read.tree(""RAxML_",L98,".tre"")",,L98,_NoOG<-drop.tip(,L98,",Outgroup_taxa)",,Small_,L98,<-keep.tip(,L98,",Small_Group)"
L99,"<-read.tree(""RAxML_",L99,".tre"")",,L99,_NoOG<-drop.tip(,L99,",Outgroup_taxa)",,Small_,L99,<-keep.tip(,L99,",Small_Group)"
L100,"<-read.tree(""RAxML_",L100,".tre"")",,L100,_NoOG<-drop.tip(,L100,",Outgroup_taxa)",,Small_,L100,<-keep.tip(,L100,",Small_Group)"
L101,"<-read.tree(""RAxML_",L101,".tre"")",,L101,_NoOG<-drop.tip(,L101,",Outgroup_taxa)",,Small_,L101,<-keep.tip(,L101,",Small_Group)"
L102,"<-read.tree(""RAxML_",L102,".tre"")",,L102,_NoOG<-drop.tip(,L102,",Outgroup_taxa)",,Small_,L102,<-keep.tip(,L102,",Small_Group)"
L103,"<-read.tree(""RAxML_",L103,".tre"")",,L103,_NoOG<-drop.tip(,L103,",Outgroup_taxa)",,Small_,L103,<-keep.tip(,L103,",Small_Group)"
L104,"<-read.tree(""RAxML_",L104,".tre"")",,L104,_NoOG<-drop.tip(,L104,",Outgroup_taxa)",,Small_,L104,<-keep.tip(,L104,",Small_Group)"
L105,"<-read.tree(""RAxML_",L105,".tre"")",,L105,_NoOG<-drop.tip(,L105,",Outgroup_taxa)",,Small_,L105,<-keep.tip(,L105,",Small_Group)"
L106,"<-read.tree(""RAxML_",L106,".tre"")",,L106,_NoOG<-drop.tip(,L106,",Outgroup_taxa)",,Small_,L106,<-keep.tip(,L106,",Small_Group)"
L107,"<-read.tree(""RAxML_",L107,".tre"")",,L107,_NoOG<-drop.tip(,L107,",Outgroup_taxa)",,Small_,L107,<-keep.tip(,L107,",Small_Group)"
L108,"<-read.tree(""RAxML_",L108,".tre"")",,L108,_NoOG<-drop.tip(,L108,",Outgroup_taxa)",,Small_,L108,<-keep.tip(,L108,",Small_Group)"
L109,"<-read.tree(""RAxML_",L109,".tre"")",,L109,_NoOG<-drop.tip(,L109,",Outgroup_taxa)",,Small_,L109,<-keep.tip(,L109,",Small_Group)"
L110,"<-read.tree(""RAxML_",L110,".tre"")",,L110,_NoOG<-drop.tip(,L110,",Outgroup_taxa)",,Small_,L110,<-keep.tip(,L110,",Small_Group)"
L112,"<-read.tree(""RAxML_",L112,".tre"")",,L112,_NoOG<-drop.tip(,L112,",Outgroup_taxa)",,Small_,L112,<-keep.tip(,L112,",Small_Group)"
L113,"<-read.tree(""RAxML_",L113,".tre"")",,L113,_NoOG<-drop.tip(,L113,",Outgroup_taxa)",,Small_,L113,<-keep.tip(,L113,",Small_Group)"
L114,"<-read.tree(""RAxML_",L114,".tre"")",,L114,_NoOG<-drop.tip(,L114,",Outgroup_taxa)",,Small_,L114,<-keep.tip(,L114,",Small_Group)"
L115,"<-read.tree(""RAxML_",L115,".tre"")",,L115,_NoOG<-drop.tip(,L115,",Outgroup_taxa)",,Small_,L115,<-keep.tip(,L115,",Small_Group)"
L116,"<-read.tree(""RAxML_",L116,".tre"")",,L116,_NoOG<-drop.tip(,L116,",Outgroup_taxa)",,Small_,L116,<-keep.tip(,L116,",Small_Group)"
L117,"<-read.tree(""RAxML_",L117,".tre"")",,L117,_NoOG<-drop.tip(,L117,",Outgroup_taxa)",,Small_,L117,<-keep.tip(,L117,",Small_Group)"
L118,"<-read.tree(""RAxML_",L118,".tre"")",,L118,_NoOG<-drop.tip(,L118,",Outgroup_taxa)",,Small_,L118,<-keep.tip(,L118,",Small_Group)"
L119,"<-read.tree(""RAxML_",L119,".tre"")",,L119,_NoOG<-drop.tip(,L119,",Outgroup_taxa)",,Small_,L119,<-keep.tip(,L119,",Small_Group)"
L120,"<-read.tree(""RAxML_",L120,".tre"")",,L120,_NoOG<-drop.tip(,L120,",Outgroup_taxa)",,Small_,L120,<-keep.tip(,L120,",Small_Group)"
L121,"<-read.tree(""RAxML_",L121,".tre"")",,L121,_NoOG<-drop.tip(,L121,",Outgroup_taxa)",,Small_,L121,<-keep.tip(,L121,",Small_Group)"
L122,"<-read.tree(""RAxML_",L122,".tre"")",,L122,_NoOG<-drop.tip(,L122,",Outgroup_taxa)",,Small_,L122,<-keep.tip(,L122,",Small_Group)"
L123,"<-read.tree(""RAxML_",L123,".tre"")",,L123,_NoOG<-drop.tip(,L123,",Outgroup_taxa)",,Small_,L123,<-keep.tip(,L123,",Small_Group)"
L124,"<-read.tree(""RAxML_",L124,".tre"")",,L124,_NoOG<-drop.tip(,L124,",Outgroup_taxa)",,Small_,L124,<-keep.tip(,L124,",Small_Group)"
L125,"<-read.tree(""RAxML_",L125,".tre"")",,L125,_NoOG<-drop.tip(,L125,",Outgroup_taxa)",,Small_,L125,<-keep.tip(,L125,",Small_Group)"
L126,"<-read.tree(""RAxML_",L126,".tre"")",,L126,_NoOG<-drop.tip(,L126,",Outgroup_taxa)",,Small_,L126,<-keep.tip(,L126,",Small_Group)"
L127,"<-read.tree(""RAxML_",L127,".tre"")",,L127,_NoOG<-drop.tip(,L127,",Outgroup_taxa)",,Small_,L127,<-keep.tip(,L127,",Small_Group)"
L128,"<-read.tree(""RAxML_",L128,".tre"")",,L128,_NoOG<-drop.tip(,L128,",Outgroup_taxa)",,Small_,L128,<-keep.tip(,L128,",Small_Group)"
L129,"<-read.tree(""RAxML_",L129,".tre"")",,L129,_NoOG<-drop.tip(,L129,",Outgroup_taxa)",,Small_,L129,<-keep.tip(,L129,",Small_Group)"
L130,"<-read.tree(""RAxML_",L130,".tre"")",,L130,_NoOG<-drop.tip(,L130,",Outgroup_taxa)",,Small_,L130,<-keep.tip(,L130,",Small_Group)"
L131,"<-read.tree(""RAxML_",L131,".tre"")",,L131,_NoOG<-drop.tip(,L131,",Outgroup_taxa)",,Small_,L131,<-keep.tip(,L131,",Small_Group)"
L132,"<-read.tree(""RAxML_",L132,".tre"")",,L132,_NoOG<-drop.tip(,L132,",Outgroup_taxa)",,Small_,L132,<-keep.tip(,L132,",Small_Group)"
L134,"<-read.tree(""RAxML_",L134,".tre"")",,L134,_NoOG<-drop.tip(,L134,",Outgroup_taxa)",,Small_,L134,<-keep.tip(,L134,",Small_Group)"
L136,"<-read.tree(""RAxML_",L136,".tre"")",,L136,_NoOG<-drop.tip(,L136,",Outgroup_taxa)",,Small_,L136,<-keep.tip(,L136,",Small_Group)"
L137,"<-read.tree(""RAxML_",L137,".tre"")",,L137,_NoOG<-drop.tip(,L137,",Outgroup_taxa)",,Small_,L137,<-keep.tip(,L137,",Small_Group)"
L138,"<-read.tree(""RAxML_",L138,".tre"")",,L138,_NoOG<-drop.tip(,L138,",Outgroup_taxa)",,Small_,L138,<-keep.tip(,L138,",Small_Group)"
L139,"<-read.tree(""RAxML_",L139,".tre"")",,L139,_NoOG<-drop.tip(,L139,",Outgroup_taxa)",,Small_,L139,<-keep.tip(,L139,",Small_Group)"
L140,"<-read.tree(""RAxML_",L140,".tre"")",,L140,_NoOG<-drop.tip(,L140,",Outgroup_taxa)",,Small_,L140,<-keep.tip(,L140,",Small_Group)"
L141,"<-read.tree(""RAxML_",L141,".tre"")",,L141,_NoOG<-drop.tip(,L141,",Outgroup_taxa)",,Small_,L141,<-keep.tip(,L141,",Small_Group)"
L142,"<-read.tree(""RAxML_",L142,".tre"")",,L142,_NoOG<-drop.tip(,L142,",Outgroup_taxa)",,Small_,L142,<-keep.tip(,L142,",Small_Group)"
L143,"<-read.tree(""RAxML_",L143,".tre"")",,L143,_NoOG<-drop.tip(,L143,",Outgroup_taxa)",,Small_,L143,<-keep.tip(,L143,",Small_Group)"
L144,"<-read.tree(""RAxML_",L144,".tre"")",,L144,_NoOG<-drop.tip(,L144,",Outgroup_taxa)",,Small_,L144,<-keep.tip(,L144,",Small_Group)"
L145,"<-read.tree(""RAxML_",L145,".tre"")",,L145,_NoOG<-drop.tip(,L145,",Outgroup_taxa)",,Small_,L145,<-keep.tip(,L145,",Small_Group)"
L146,"<-read.tree(""RAxML_",L146,".tre"")",,L146,_NoOG<-drop.tip(,L146,",Outgroup_taxa)",,Small_,L146,<-keep.tip(,L146,",Small_Group)"
L147,"<-read.tree(""RAxML_",L147,".tre"")",,L147,_NoOG<-drop.tip(,L147,",Outgroup_taxa)",,Small_,L147,<-keep.tip(,L147,",Small_Group)"
L148,"<-read.tree(""RAxML_",L148,".tre"")",,L148,_NoOG<-drop.tip(,L148,",Outgroup_taxa)",,Small_,L148,<-keep.tip(,L148,",Small_Group)"
L149,"<-read.tree(""RAxML_",L149,".tre"")",,L149,_NoOG<-drop.tip(,L149,",Outgroup_taxa)",,Small_,L149,<-keep.tip(,L149,",Small_Group)"
L150,"<-read.tree(""RAxML_",L150,".tre"")",,L150,_NoOG<-drop.tip(,L150,",Outgroup_taxa)",,Small_,L150,<-keep.tip(,L150,",Small_Group)"
L151,"<-read.tree(""RAxML_",L151,".tre"")",,L151,_NoOG<-drop.tip(,L151,",Outgroup_taxa)",,Small_,L151,<-keep.tip(,L151,",Small_Group)"
L152,"<-read.tree(""RAxML_",L152,".tre"")",,L152,_NoOG<-drop.tip(,L152,",Outgroup_taxa)",,Small_,L152,<-keep.tip(,L152,",Small_Group)"
L153,"<-read.tree(""RAxML_",L153,".tre"")",,L153,_NoOG<-drop.tip(,L153,",Outgroup_taxa)",,Small_,L153,<-keep.tip(,L153,",Small_Group)"
L154,"<-read.tree(""RAxML_",L154,".tre"")",,L154,_NoOG<-drop.tip(,L154,",Outgroup_taxa)",,Small_,L154,<-keep.tip(,L154,",Small_Group)"
L155,"<-read.tree(""RAxML_",L155,".tre"")",,L155,_NoOG<-drop.tip(,L155,",Outgroup_taxa)",,Small_,L155,<-keep.tip(,L155,",Small_Group)"
L156,"<-read.tree(""RAxML_",L156,".tre"")",,L156,_NoOG<-drop.tip(,L156,",Outgroup_taxa)",,Small_,L156,<-keep.tip(,L156,",Small_Group)"
L157,"<-read.tree(""RAxML_",L157,".tre"")",,L157,_NoOG<-drop.tip(,L157,",Outgroup_taxa)",,Small_,L157,<-keep.tip(,L157,",Small_Group)"
L158,"<-read.tree(""RAxML_",L158,".tre"")",,L158,_NoOG<-drop.tip(,L158,",Outgroup_taxa)",,Small_,L158,<-keep.tip(,L158,",Small_Group)"
L159,"<-read.tree(""RAxML_",L159,".tre"")",,L159,_NoOG<-drop.tip(,L159,",Outgroup_taxa)",,Small_,L159,<-keep.tip(,L159,",Small_Group)"
L160,"<-read.tree(""RAxML_",L160,".tre"")",,L160,_NoOG<-drop.tip(,L160,",Outgroup_taxa)",,Small_,L160,<-keep.tip(,L160,",Small_Group)"
L161,"<-read.tree(""RAxML_",L161,".tre"")",,L161,_NoOG<-drop.tip(,L161,",Outgroup_taxa)",,Small_,L161,<-keep.tip(,L161,",Small_Group)"
L162,"<-read.tree(""RAxML_",L162,".tre"")",,L162,_NoOG<-drop.tip(,L162,",Outgroup_taxa)",,Small_,L162,<-keep.tip(,L162,",Small_Group)"
L163,"<-read.tree(""RAxML_",L163,".tre"")",,L163,_NoOG<-drop.tip(,L163,",Outgroup_taxa)",,Small_,L163,<-keep.tip(,L163,",Small_Group)"
L164,"<-read.tree(""RAxML_",L164,".tre"")",,L164,_NoOG<-drop.tip(,L164,",Outgroup_taxa)",,Small_,L164,<-keep.tip(,L164,",Small_Group)"
L165,"<-read.tree(""RAxML_",L165,".tre"")",,L165,_NoOG<-drop.tip(,L165,",Outgroup_taxa)",,Small_,L165,<-keep.tip(,L165,",Small_Group)"
L166,"<-read.tree(""RAxML_",L166,".tre"")",,L166,_NoOG<-drop.tip(,L166,",Outgroup_taxa)",,Small_,L166,<-keep.tip(,L166,",Small_Group)"
L167,"<-read.tree(""RAxML_",L167,".tre"")",,L167,_NoOG<-drop.tip(,L167,",Outgroup_taxa)",,Small_,L167,<-keep.tip(,L167,",Small_Group)"
L168,"<-read.tree(""RAxML_",L168,".tre"")",,L168,_NoOG<-drop.tip(,L168,",Outgroup_taxa)",,Small_,L168,<-keep.tip(,L168,",Small_Group)"
L169,"<-read.tree(""RAxML_",L169,".tre"")",,L169,_NoOG<-drop.tip(,L169,",Outgroup_taxa)",,Small_,L169,<-keep.tip(,L169,",Small_Group)"
L170,"<-read.tree(""RAxML_",L170,".tre"")",,L170,_NoOG<-drop.tip(,L170,",Outgroup_taxa)",,Small_,L170,<-keep.tip(,L170,",Small_Group)"
L171,"<-read.tree(""RAxML_",L171,".tre"")",,L171,_NoOG<-drop.tip(,L171,",Outgroup_taxa)",,Small_,L171,<-keep.tip(,L171,",Small_Group)"
L172,"<-read.tree(""RAxML_",L172,".tre"")",,L172,_NoOG<-drop.tip(,L172,",Outgroup_taxa)",,Small_,L172,<-keep.tip(,L172,",Small_Group)"
L173,"<-read.tree(""RAxML_",L173,".tre"")",,L173,_NoOG<-drop.tip(,L173,",Outgroup_taxa)",,Small_,L173,<-keep.tip(,L173,",Small_Group)"
L174,"<-read.tree(""RAxML_",L174,".tre"")",,L174,_NoOG<-drop.tip(,L174,",Outgroup_taxa)",,Small_,L174,<-keep.tip(,L174,",Small_Group)"
L175,"<-read.tree(""RAxML_",L175,".tre"")",,L175,_NoOG<-drop.tip(,L175,",Outgroup_taxa)",,Small_,L175,<-keep.tip(,L175,",Small_Group)"
L176,"<-read.tree(""RAxML_",L176,".tre"")",,L176,_NoOG<-drop.tip(,L176,",Outgroup_taxa)",,Small_,L176,<-keep.tip(,L176,",Small_Group)"
L177,"<-read.tree(""RAxML_",L177,".tre"")",,L177,_NoOG<-drop.tip(,L177,",Outgroup_taxa)",,Small_,L177,<-keep.tip(,L177,",Small_Group)"
L178,"<-read.tree(""RAxML_",L178,".tre"")",,L178,_NoOG<-drop.tip(,L178,",Outgroup_taxa)",,Small_,L178,<-keep.tip(,L178,",Small_Group)"
L179,"<-read.tree(""RAxML_",L179,".tre"")",,L179,_NoOG<-drop.tip(,L179,",Outgroup_taxa)",,Small_,L179,<-keep.tip(,L179,",Small_Group)"
L180,"<-read.tree(""RAxML_",L180,".tre"")",,L180,_NoOG<-drop.tip(,L180,",Outgroup_taxa)",,Small_,L180,<-keep.tip(,L180,",Small_Group)"
L181,"<-read.tree(""RAxML_",L181,".tre"")",,L181,_NoOG<-drop.tip(,L181,",Outgroup_taxa)",,Small_,L181,<-keep.tip(,L181,",Small_Group)"
L182,"<-read.tree(""RAxML_",L182,".tre"")",,L182,_NoOG<-drop.tip(,L182,",Outgroup_taxa)",,Small_,L182,<-keep.tip(,L182,",Small_Group)"
L183,"<-read.tree(""RAxML_",L183,".tre"")",,L183,_NoOG<-drop.tip(,L183,",Outgroup_taxa)",,Small_,L183,<-keep.tip(,L183,",Small_Group)"
L184,"<-read.tree(""RAxML_",L184,".tre"")",,L184,_NoOG<-drop.tip(,L184,",Outgroup_taxa)",,Small_,L184,<-keep.tip(,L184,",Small_Group)"
L185,"<-read.tree(""RAxML_",L185,".tre"")",,L185,_NoOG<-drop.tip(,L185,",Outgroup_taxa)",,Small_,L185,<-keep.tip(,L185,",Small_Group)"
L186,"<-read.tree(""RAxML_",L186,".tre"")",,L186,_NoOG<-drop.tip(,L186,",Outgroup_taxa)",,Small_,L186,<-keep.tip(,L186,",Small_Group)"
L187,"<-read.tree(""RAxML_",L187,".tre"")",,L187,_NoOG<-drop.tip(,L187,",Outgroup_taxa)",,Small_,L187,<-keep.tip(,L187,",Small_Group)"
L188,"<-read.tree(""RAxML_",L188,".tre"")",,L188,_NoOG<-drop.tip(,L188,",Outgroup_taxa)",,Small_,L188,<-keep.tip(,L188,",Small_Group)"
L189,"<-read.tree(""RAxML_",L189,".tre"")",,L189,_NoOG<-drop.tip(,L189,",Outgroup_taxa)",,Small_,L189,<-keep.tip(,L189,",Small_Group)"
L190,"<-read.tree(""RAxML_",L190,".tre"")",,L190,_NoOG<-drop.tip(,L190,",Outgroup_taxa)",,Small_,L190,<-keep.tip(,L190,",Small_Group)"
L191,"<-read.tree(""RAxML_",L191,".tre"")",,L191,_NoOG<-drop.tip(,L191,",Outgroup_taxa)",,Small_,L191,<-keep.tip(,L191,",Small_Group)"
L192,"<-read.tree(""RAxML_",L192,".tre"")",,L192,_NoOG<-drop.tip(,L192,",Outgroup_taxa)",,Small_,L192,<-keep.tip(,L192,",Small_Group)"
L193,"<-read.tree(""RAxML_",L193,".tre"")",,L193,_NoOG<-drop.tip(,L193,",Outgroup_taxa)",,Small_,L193,<-keep.tip(,L193,",Small_Group)"
L194,"<-read.tree(""RAxML_",L194,".tre"")",,L194,_NoOG<-drop.tip(,L194,",Outgroup_taxa)",,Small_,L194,<-keep.tip(,L194,",Small_Group)"
L195,"<-read.tree(""RAxML_",L195,".tre"")",,L195,_NoOG<-drop.tip(,L195,",Outgroup_taxa)",,Small_,L195,<-keep.tip(,L195,",Small_Group)"
L196,"<-read.tree(""RAxML_",L196,".tre"")",,L196,_NoOG<-drop.tip(,L196,",Outgroup_taxa)",,Small_,L196,<-keep.tip(,L196,",Small_Group)"
L197,"<-read.tree(""RAxML_",L197,".tre"")",,L197,_NoOG<-drop.tip(,L197,",Outgroup_taxa)",,Small_,L197,<-keep.tip(,L197,",Small_Group)"
L198,"<-read.tree(""RAxML_",L198,".tre"")",,L198,_NoOG<-drop.tip(,L198,",Outgroup_taxa)",,Small_,L198,<-keep.tip(,L198,",Small_Group)"
L199,"<-read.tree(""RAxML_",L199,".tre"")",,L199,_NoOG<-drop.tip(,L199,",Outgroup_taxa)",,Small_,L199,<-keep.tip(,L199,",Small_Group)"
L200,"<-read.tree(""RAxML_",L200,".tre"")",,L200,_NoOG<-drop.tip(,L200,",Outgroup_taxa)",,Small_,L200,<-keep.tip(,L200,",Small_Group)"
L201,"<-read.tree(""RAxML_",L201,".tre"")",,L201,_NoOG<-drop.tip(,L201,",Outgroup_taxa)",,Small_,L201,<-keep.tip(,L201,",Small_Group)"
L202,"<-read.tree(""RAxML_",L202,".tre"")",,L202,_NoOG<-drop.tip(,L202,",Outgroup_taxa)",,Small_,L202,<-keep.tip(,L202,",Small_Group)"
L203,"<-read.tree(""RAxML_",L203,".tre"")",,L203,_NoOG<-drop.tip(,L203,",Outgroup_taxa)",,Small_,L203,<-keep.tip(,L203,",Small_Group)"
L204,"<-read.tree(""RAxML_",L204,".tre"")",,L204,_NoOG<-drop.tip(,L204,",Outgroup_taxa)",,Small_,L204,<-keep.tip(,L204,",Small_Group)"
L205,"<-read.tree(""RAxML_",L205,".tre"")",,L205,_NoOG<-drop.tip(,L205,",Outgroup_taxa)",,Small_,L205,<-keep.tip(,L205,",Small_Group)"
L206,"<-read.tree(""RAxML_",L206,".tre"")",,L206,_NoOG<-drop.tip(,L206,",Outgroup_taxa)",,Small_,L206,<-keep.tip(,L206,",Small_Group)"
L207,"<-read.tree(""RAxML_",L207,".tre"")",,L207,_NoOG<-drop.tip(,L207,",Outgroup_taxa)",,Small_,L207,<-keep.tip(,L207,",Small_Group)"
L208,"<-read.tree(""RAxML_",L208,".tre"")",,L208,_NoOG<-drop.tip(,L208,",Outgroup_taxa)",,Small_,L208,<-keep.tip(,L208,",Small_Group)"
L209,"<-read.tree(""RAxML_",L209,".tre"")",,L209,_NoOG<-drop.tip(,L209,",Outgroup_taxa)",,Small_,L209,<-keep.tip(,L209,",Small_Group)"
L210,"<-read.tree(""RAxML_",L210,".tre"")",,L210,_NoOG<-drop.tip(,L210,",Outgroup_taxa)",,Small_,L210,<-keep.tip(,L210,",Small_Group)"
L211,"<-read.tree(""RAxML_",L211,".tre"")",,L211,_NoOG<-drop.tip(,L211,",Outgroup_taxa)",,Small_,L211,<-keep.tip(,L211,",Small_Group)"
L212,"<-read.tree(""RAxML_",L212,".tre"")",,L212,_NoOG<-drop.tip(,L212,",Outgroup_taxa)",,Small_,L212,<-keep.tip(,L212,",Small_Group)"
L213,"<-read.tree(""RAxML_",L213,".tre"")",,L213,_NoOG<-drop.tip(,L213,",Outgroup_taxa)",,Small_,L213,<-keep.tip(,L213,",Small_Group)"
L215,"<-read.tree(""RAxML_",L215,".tre"")",,L215,_NoOG<-drop.tip(,L215,",Outgroup_taxa)",,Small_,L215,<-keep.tip(,L215,",Small_Group)"
L216,"<-read.tree(""RAxML_",L216,".tre"")",,L216,_NoOG<-drop.tip(,L216,",Outgroup_taxa)",,Small_,L216,<-keep.tip(,L216,",Small_Group)"
L217,"<-read.tree(""RAxML_",L217,".tre"")",,L217,_NoOG<-drop.tip(,L217,",Outgroup_taxa)",,Small_,L217,<-keep.tip(,L217,",Small_Group)"
L219,"<-read.tree(""RAxML_",L219,".tre"")",,L219,_NoOG<-drop.tip(,L219,",Outgroup_taxa)",,Small_,L219,<-keep.tip(,L219,",Small_Group)"
L220,"<-read.tree(""RAxML_",L220,".tre"")",,L220,_NoOG<-drop.tip(,L220,",Outgroup_taxa)",,Small_,L220,<-keep.tip(,L220,",Small_Group)"
L221,"<-read.tree(""RAxML_",L221,".tre"")",,L221,_NoOG<-drop.tip(,L221,",Outgroup_taxa)",,Small_,L221,<-keep.tip(,L221,",Small_Group)"
L222,"<-read.tree(""RAxML_",L222,".tre"")",,L222,_NoOG<-drop.tip(,L222,",Outgroup_taxa)",,Small_,L222,<-keep.tip(,L222,",Small_Group)"
L223,"<-read.tree(""RAxML_",L223,".tre"")",,L223,_NoOG<-drop.tip(,L223,",Outgroup_taxa)",,Small_,L223,<-keep.tip(,L223,",Small_Group)"
L224,"<-read.tree(""RAxML_",L224,".tre"")",,L224,_NoOG<-drop.tip(,L224,",Outgroup_taxa)",,Small_,L224,<-keep.tip(,L224,",Small_Group)"
L225,"<-read.tree(""RAxML_",L225,".tre"")",,L225,_NoOG<-drop.tip(,L225,",Outgroup_taxa)",,Small_,L225,<-keep.tip(,L225,",Small_Group)"
L226,"<-read.tree(""RAxML_",L226,".tre"")",,L226,_NoOG<-drop.tip(,L226,",Outgroup_taxa)",,Small_,L226,<-keep.tip(,L226,",Small_Group)"
L227,"<-read.tree(""RAxML_",L227,".tre"")",,L227,_NoOG<-drop.tip(,L227,",Outgroup_taxa)",,Small_,L227,<-keep.tip(,L227,",Small_Group)"
L228,"<-read.tree(""RAxML_",L228,".tre"")",,L228,_NoOG<-drop.tip(,L228,",Outgroup_taxa)",,Small_,L228,<-keep.tip(,L228,",Small_Group)"
L229,"<-read.tree(""RAxML_",L229,".tre"")",,L229,_NoOG<-drop.tip(,L229,",Outgroup_taxa)",,Small_,L229,<-keep.tip(,L229,",Small_Group)"
L230,"<-read.tree(""RAxML_",L230,".tre"")",,L230,_NoOG<-drop.tip(,L230,",Outgroup_taxa)",,Small_,L230,<-keep.tip(,L230,",Small_Group)"
L231,"<-read.tree(""RAxML_",L231,".tre"")",,L231,_NoOG<-drop.tip(,L231,",Outgroup_taxa)",,Small_,L231,<-keep.tip(,L231,",Small_Group)"
L232,"<-read.tree(""RAxML_",L232,".tre"")",,L232,_NoOG<-drop.tip(,L232,",Outgroup_taxa)",,Small_,L232,<-keep.tip(,L232,",Small_Group)"
L233,"<-read.tree(""RAxML_",L233,".tre"")",,L233,_NoOG<-drop.tip(,L233,",Outgroup_taxa)",,Small_,L233,<-keep.tip(,L233,",Small_Group)"
L234,"<-read.tree(""RAxML_",L234,".tre"")",,L234,_NoOG<-drop.tip(,L234,",Outgroup_taxa)",,Small_,L234,<-keep.tip(,L234,",Small_Group)"
L235,"<-read.tree(""RAxML_",L235,".tre"")",,L235,_NoOG<-drop.tip(,L235,",Outgroup_taxa)",,Small_,L235,<-keep.tip(,L235,",Small_Group)"
L236,"<-read.tree(""RAxML_",L236,".tre"")",,L236,_NoOG<-drop.tip(,L236,",Outgroup_taxa)",,Small_,L236,<-keep.tip(,L236,",Small_Group)"
L237,"<-read.tree(""RAxML_",L237,".tre"")",,L237,_NoOG<-drop.tip(,L237,",Outgroup_taxa)",,Small_,L237,<-keep.tip(,L237,",Small_Group)"
L238,"<-read.tree(""RAxML_",L238,".tre"")",,L238,_NoOG<-drop.tip(,L238,",Outgroup_taxa)",,Small_,L238,<-keep.tip(,L238,",Small_Group)"
L239,"<-read.tree(""RAxML_",L239,".tre"")",,L239,_NoOG<-drop.tip(,L239,",Outgroup_taxa)",,Small_,L239,<-keep.tip(,L239,",Small_Group)"
L240,"<-read.tree(""RAxML_",L240,".tre"")",,L240,_NoOG<-drop.tip(,L240,",Outgroup_taxa)",,Small_,L240,<-keep.tip(,L240,",Small_Group)"
L241,"<-read.tree(""RAxML_",L241,".tre"")",,L241,_NoOG<-drop.tip(,L241,",Outgroup_taxa)",,Small_,L241,<-keep.tip(,L241,",Small_Group)"
L242,"<-read.tree(""RAxML_",L242,".tre"")",,L242,_NoOG<-drop.tip(,L242,",Outgroup_taxa)",,Small_,L242,<-keep.tip(,L242,",Small_Group)"
L243,"<-read.tree(""RAxML_",L243,".tre"")",,L243,_NoOG<-drop.tip(,L243,",Outgroup_taxa)",,Small_,L243,<-keep.tip(,L243,",Small_Group)"
L244,"<-read.tree(""RAxML_",L244,".tre"")",,L244,_NoOG<-drop.tip(,L244,",Outgroup_taxa)",,Small_,L244,<-keep.tip(,L244,",Small_Group)"
L245,"<-read.tree(""RAxML_",L245,".tre"")",,L245,_NoOG<-drop.tip(,L245,",Outgroup_taxa)",,Small_,L245,<-keep.tip(,L245,",Small_Group)"
L246,"<-read.tree(""RAxML_",L246,".tre"")",,L246,_NoOG<-drop.tip(,L246,",Outgroup_taxa)",,Small_,L246,<-keep.tip(,L246,",Small_Group)"
L247,"<-read.tree(""RAxML_",L247,".tre"")",,L247,_NoOG<-drop.tip(,L247,",Outgroup_taxa)",,Small_,L247,<-keep.tip(,L247,",Small_Group)"
L248,"<-read.tree(""RAxML_",L248,".tre"")",,L248,_NoOG<-drop.tip(,L248,",Outgroup_taxa)",,Small_,L248,<-keep.tip(,L248,",Small_Group)"
L249,"<-read.tree(""RAxML_",L249,".tre"")",,L249,_NoOG<-drop.tip(,L249,",Outgroup_taxa)",,Small_,L249,<-keep.tip(,L249,",Small_Group)"
L251,"<-read.tree(""RAxML_",L251,".tre"")",,L251,_NoOG<-drop.tip(,L251,",Outgroup_taxa)",,Small_,L251,<-keep.tip(,L251,",Small_Group)"
L252,"<-read.tree(""RAxML_",L252,".tre"")",,L252,_NoOG<-drop.tip(,L252,",Outgroup_taxa)",,Small_,L252,<-keep.tip(,L252,",Small_Group)"
L253,"<-read.tree(""RAxML_",L253,".tre"")",,L253,_NoOG<-drop.tip(,L253,",Outgroup_taxa)",,Small_,L253,<-keep.tip(,L253,",Small_Group)"
L254,"<-read.tree(""RAxML_",L254,".tre"")",,L254,_NoOG<-drop.tip(,L254,",Outgroup_taxa)",,Small_,L254,<-keep.tip(,L254,",Small_Group)"
L255,"<-read.tree(""RAxML_",L255,".tre"")",,L255,_NoOG<-drop.tip(,L255,",Outgroup_taxa)",,Small_,L255,<-keep.tip(,L255,",Small_Group)"
L256,"<-read.tree(""RAxML_",L256,".tre"")",,L256,_NoOG<-drop.tip(,L256,",Outgroup_taxa)",,Small_,L256,<-keep.tip(,L256,",Small_Group)"
L257,"<-read.tree(""RAxML_",L257,".tre"")",,L257,_NoOG<-drop.tip(,L257,",Outgroup_taxa)",,Small_,L257,<-keep.tip(,L257,",Small_Group)"
L258,"<-read.tree(""RAxML_",L258,".tre"")",,L258,_NoOG<-drop.tip(,L258,",Outgroup_taxa)",,Small_,L258,<-keep.tip(,L258,",Small_Group)"
L259,"<-read.tree(""RAxML_",L259,".tre"")",,L259,_NoOG<-drop.tip(,L259,",Outgroup_taxa)",,Small_,L259,<-keep.tip(,L259,",Small_Group)"
L260,"<-read.tree(""RAxML_",L260,".tre"")",,L260,_NoOG<-drop.tip(,L260,",Outgroup_taxa)",,Small_,L260,<-keep.tip(,L260,",Small_Group)"
L261,"<-read.tree(""RAxML_",L261,".tre"")",,L261,_NoOG<-drop.tip(,L261,",Outgroup_taxa)",,Small_,L261,<-keep.tip(,L261,",Small_Group)"
L262,"<-read.tree(""RAxML_",L262,".tre"")",,L262,_NoOG<-drop.tip(,L262,",Outgroup_taxa)",,Small_,L262,<-keep.tip(,L262,",Small_Group)"
L263,"<-read.tree(""RAxML_",L263,".tre"")",,L263,_NoOG<-drop.tip(,L263,",Outgroup_taxa)",,Small_,L263,<-keep.tip(,L263,",Small_Group)"
L264,"<-read.tree(""RAxML_",L264,".tre"")",,L264,_NoOG<-drop.tip(,L264,",Outgroup_taxa)",,Small_,L264,<-keep.tip(,L264,",Small_Group)"
L265,"<-read.tree(""RAxML_",L265,".tre"")",,L265,_NoOG<-drop.tip(,L265,",Outgroup_taxa)",,Small_,L265,<-keep.tip(,L265,",Small_Group)"
L266,"<-read.tree(""RAxML_",L266,".tre"")",,L266,_NoOG<-drop.tip(,L266,",Outgroup_taxa)",,Small_,L266,<-keep.tip(,L266,",Small_Group)"
L267,"<-read.tree(""RAxML_",L267,".tre"")",,L267,_NoOG<-drop.tip(,L267,",Outgroup_taxa)",,Small_,L267,<-keep.tip(,L267,",Small_Group)"
L268,"<-read.tree(""RAxML_",L268,".tre"")",,L268,_NoOG<-drop.tip(,L268,",Outgroup_taxa)",,Small_,L268,<-keep.tip(,L268,",Small_Group)"
L269,"<-read.tree(""RAxML_",L269,".tre"")",,L269,_NoOG<-drop.tip(,L269,",Outgroup_taxa)",,Small_,L269,<-keep.tip(,L269,",Small_Group)"
L270,"<-read.tree(""RAxML_",L270,".tre"")",,L270,_NoOG<-drop.tip(,L270,",Outgroup_taxa)",,Small_,L270,<-keep.tip(,L270,",Small_Group)"
L271,"<-read.tree(""RAxML_",L271,".tre"")",,L271,_NoOG<-drop.tip(,L271,",Outgroup_taxa)",,Small_,L271,<-keep.tip(,L271,",Small_Group)"
L272,"<-read.tree(""RAxML_",L272,".tre"")",,L272,_NoOG<-drop.tip(,L272,",Outgroup_taxa)",,Small_,L272,<-keep.tip(,L272,",Small_Group)"
L275,"<-read.tree(""RAxML_",L275,".tre"")",,L275,_NoOG<-drop.tip(,L275,",Outgroup_taxa)",,Small_,L275,<-keep.tip(,L275,",Small_Group)"
L276,"<-read.tree(""RAxML_",L276,".tre"")",,L276,_NoOG<-drop.tip(,L276,",Outgroup_taxa)",,Small_,L276,<-keep.tip(,L276,",Small_Group)"
L278,"<-read.tree(""RAxML_",L278,".tre"")",,L278,_NoOG<-drop.tip(,L278,",Outgroup_taxa)",,Small_,L278,<-keep.tip(,L278,",Small_Group)"
L279,"<-read.tree(""RAxML_",L279,".tre"")",,L279,_NoOG<-drop.tip(,L279,",Outgroup_taxa)",,Small_,L279,<-keep.tip(,L279,",Small_Group)"
L280,"<-read.tree(""RAxML_",L280,".tre"")",,L280,_NoOG<-drop.tip(,L280,",Outgroup_taxa)",,Small_,L280,<-keep.tip(,L280,",Small_Group)"
L281,"<-read.tree(""RAxML_",L281,".tre"")",,L281,_NoOG<-drop.tip(,L281,",Outgroup_taxa)",,Small_,L281,<-keep.tip(,L281,",Small_Group)"
L282,"<-read.tree(""RAxML_",L282,".tre"")",,L282,_NoOG<-drop.tip(,L282,",Outgroup_taxa)",,Small_,L282,<-keep.tip(,L282,",Small_Group)"
